{
  "train_loss": [
    0.6944754152297974,
    0.624069726228714,
    0.5889628944396973,
    0.5574132668972015,
    0.5249931342601776,
    0.5075402879714965,
    0.4860828218460083,
    0.4676195043325424,
    0.45087906742095946,
    0.4291348993778229,
    0.423440034866333,
    0.3974128917455673,
    0.40210425162315366,
    0.3846846673488617,
    0.37668896186351775,
    0.3551965352296829,
    0.3493855181932449,
    0.34077945148944855,
    0.33872972416877745,
    0.3226676743030548,
    0.32315833747386935,
    0.3117270592451096,
    0.30672462725639343,
    0.29153019666671753,
    0.29090601539611816,
    0.2947811321020126,
    0.29088760834932326,
    0.29351656657457353,
    0.289257100880146,
    0.2755854787826538
  ],
  "val_loss": [
    0.5497180438041687,
    0.5892803492546081,
    0.5335628044605255,
    0.48632498168945315,
    0.4450176610946655,
    0.42925460410118105,
    0.44565017127990725,
    0.3926358816623688,
    0.4170582187175751,
    0.43351869130134585,
    0.3768192704916,
    0.49768538761138914,
    0.34375563168525697,
    0.4310763463973999,
    0.31547834718227385,
    0.2957354711294174,
    0.3199955779314041,
    0.4077971360683441,
    0.3522129788398743,
    0.2893134995698929,
    0.31219458842277525,
    0.49988092422485353,
    0.29340461564064024,
    0.3022017776966095,
    0.3775364406108856,
    0.3263589626550674,
    0.3253601946234703,
    0.3307775891423225,
    0.33477432692050935,
    0.32314482593536376
  ],
  "train_acc": [
    59.325,
    64.625,
    68.975,
    71.3,
    73.625,
    75.5,
    76.075,
    77.825,
    78.45,
    80.35,
    80.025,
    81.725,
    81.225,
    82.575,
    83.025,
    84.175,
    84.725,
    84.825,
    84.575,
    85.45,
    85.85,
    86.225,
    86.175,
    88.075,
    87.35,
    87.275,
    87.325,
    87.3,
    87.625,
    88.125
  ],
  "val_acc": [
    71.5,
    67.15,
    71.8,
    75.85,
    78.2,
    78.55,
    78.3,
    81.45,
    80.35,
    78.85,
    82.65,
    74.55,
    84.9,
    79.45,
    85.95,
    86.5,
    86.1,
    80.8,
    84.45,
    87.7,
    86.05,
    77.5,
    87.2,
    86.3,
    83.4,
    85.65,
    85.6,
    85.15,
    84.95,
    85.85
  ]
}