{
  "train_loss": [
    0.13627771855048512,
    0.037295374787746645,
    0.030126372777095126,
    0.021977292671458006,
    0.01145738305153234,
    0.01143785869926037,
    0.01489930962096601,
    0.008562687454484505,
    0.0030353471678529827,
    0.004520145831164606,
    0.003565774300390647,
    0.0028760981388230625,
    0.003890633813171007,
    0.0016222140951788826,
    0.0019479167185241038
  ],
  "val_loss": [
    0.023888316461006583,
    0.016278689145110548,
    0.036644602700582014,
    0.023638950421667214,
    0.02559549548491107,
    0.011851094489785559,
    0.0339629847541168,
    0.015619028139474762,
    0.012043484999119992,
    0.013006680162304649,
    0.008215933566174024,
    0.012292715758161174,
    0.007200975368386539,
    0.00761575569302532,
    0.007080678653437644
  ],
  "train_acc": [
    93.91983695652173,
    98.74320652173913,
    98.81114130434783,
    99.2866847826087,
    99.66032608695652,
    99.66032608695652,
    99.59239130434783,
    99.72826086956522,
    99.89809782608695,
    99.9320652173913,
    99.89809782608695,
    99.9320652173913,
    99.83016304347827,
    99.9320652173913,
    99.96603260869566
  ],
  "val_acc": [
    99.32065217391305,
    99.45652173913044,
    98.77717391304348,
    98.91304347826087,
    99.04891304347827,
    99.45652173913044,
    98.6413043478261,
    99.32065217391305,
    99.45652173913044,
    99.45652173913044,
    99.59239130434783,
    99.59239130434783,
    99.59239130434783,
    99.72826086956522,
    99.59239130434783
  ]
}